,Nome,Smile,CID,CAS,Apelido,classe,dd,dp,dh,dv,dt,Ro,Vm,mM,Rm,Metodo,Obs,semaforo_TEO,Eval,Iter,Ra_nelder-mead,RED_nelder-mead,X12_nelder-mead,out_ruimDentro_nelder-mead,out_bomFora_nelder-mead,Ra_COBYLA,RED_COBYLA,X12_COBYLA,out_ruimDentro_COBYLA,out_bomFora_COBYLA,Ra_SLSQP,RED_SLSQP,X12_SLSQP,out_ruimDentro_SLSQP,out_bomFora_SLSQP,Ra_BFGS,RED_BFGS,X12_BFGS,out_ruimDentro_BFGS,out_bomFora_BFGS,Ra_Mathieu,RED_Mathieu,X12_Mathieu,out_ruimDentro_Mathieu,out_bomFora_Mathieu,semaforo_4BZC,semaforo_AAS,Ra_Abbott,RED_Abbott,X12_Abbott,out_ruimDentro_Abbott,out_bomFora_Abbott,semaforo_ADPC,semaforo_AS,semaforo_BZC,semaforo_NEV
0,Acetato de etila,CCOC(=O)C,8857,141-78-6,ETA,solv,15.8,5.3,7.2,32.04137949589562,32.84037149607172,17.551557700745935,91.16000000000003,88.106,22.30699999999999,Abbott,"(Vm, mM e Rm calculados pelo RDkit. Ro solventes por Louwersi)",1.0,,,1.9610194767329308,0.18285526110796219,0.20685953684327818,0.0,0.0,5.002314795147433,0.4664408430735225,1.3460269970008507,0.0,0.0,6.332939910573483,0.5905149819614246,2.1573592362658354,0.0,0.0,3.786878799347638,0.3531075136451706,0.7713909598581252,0,0,5.687237276570116,0.4660335495819425,1.7398605037004524,0,0,,,,,,,,,,,
1,Acetato de etila,CCOC(=O)C,8857,141-78-6,ETA,solv,15.683305675547166,8.414644089949642,6.550027442875788,32.475691567865404,33.12964536957119,16.516981521626924,96.86999999999999,,22.619999999999997,Mathieu,"Ro por Louwersi, 1600/Vm_Mathieu",1.0,,,5.458431961204777,0.5089714882225396,1.6026826530870186,0.0,0.0,2.0801247144264154,0.19396122899669116,0.232750424522544,0.0,0.0,8.207321802419306,0.7652917214665884,3.623386467401937,0.0,0.0,3.2822555728946883,0.3060539208945653,0.579504112846071,0,0,3.3948997334032702,0.27819081502906423,0.6199628100706106,0,0,,,,,,,,,,,
2,Acetofenona,CC(=O)C1=CC=CC=C1,7410,98-86-2,ACP,solv,18.476694510362726,8.73024700517153,4.270263016856807,37.97064883417689,38.21001595290839,13.408195759658092,119.33,,36.510000000000005,Mathieu,"Ro por Louwersi, 1600/Vm_Mathieu",0.0,,,4.451683022521273,0.4150971834349962,1.0660073530700958,1.0,0.0,4.815205307205389,0.4489938188703666,1.247215075822723,1.0,0.0,3.2670587937430198,0.304636897222568,0.5741503500804673,1.0,0.0,4.34112010759339,0.4047877444325458,1.0137137503261124,1,0,10.46507799559093,0.8575477350012043,5.891103769446356,1,0,,,,,,,,,,,
3,Acetofenona,CC(=O)C1=CC=CC=C1,7410,98-86-2,ACP,solv,18.8,9.0,4.0,38.66212617019401,38.868496240528785,13.510774842937238,118.42400000000004,120.15099999999995,36.44650000000001,Abbott,"(Vm, mM e Rm calculados pelo RDkit. Ro solventes por Louwersi)",0.0,,,4.6205900785332,0.43084692187282836,1.1484355199062943,1.0,0.0,4.671521078256701,0.4355959829420462,1.1738925848932793,1.0,0.0,3.9348662429438077,0.36690660282329546,0.8328593812357692,1.0,0.0,4.250136941519283,0.39630401911196567,0.9716672849717125,1,0,11.033804538643608,0.9041513206634773,6.548808731364561,1,0,,,,,,,,,,,
4,Acetona,CC(=O)C,180,67-64-1,ACE,solv,15.609737485245592,11.082527567555058,5.359462216160788,33.128206029284826,33.5589312995095,21.60702228224173,74.05,,16.470000000000002,Mathieu,"Ro por Louwersi, 1600/Vm_Mathieu",0.0,,,5.6650565642555915,0.5282381993340127,1.726315758281355,1.0,0.0,3.090691389817043,0.28819151864349024,0.5138342136089195,1.0,0.0,8.394206910458198,0.7827178233656749,3.790278079832974,1.0,0.0,3.5418964090320135,0.33026413066019017,0.6748130054234478,1,0,8.525382113426023,0.6986017805570537,3.9096640487694123,1,0,,,,,,,,,,,
5,Acetona,CC(=O)C,180,67-64-1,ACE,solv,15.5,10.4,7.0,32.69801217199603,33.43889950342266,24.554941682013503,65.16000000000001,58.08,16.355,Abbott,"(Vm, mM e Rm calculados pelo RDkit. Ro solventes por Louwersi)",0.0,,,6.443883983981132,0.6008599620863208,2.233609043487407,1.0,0.0,4.197831084933233,0.3914267595145994,0.9478980987042962,1.0,0.0,9.004843902124202,0.8396566696535714,4.361783561124211,1.0,0.0,4.603299757978979,0.42923468593275,1.139856673622405,1,0,6.209219167401983,0.5088067031487963,2.0738899771383905,1,0,,,,,,,,,,,
6,Acetonitrila,CC#N,6342,75-05-8,ACN,solv,15.3,18.0,6.1,35.50154926196884,36.02179895563241,34.05994550408718,46.97600000000001,41.053,11.287,Abbott,"(Vm, mM e Rm calculados pelo RDkit. Ro solventes por Louwersi)",0.0,,,2.647011967494323,0.2468206309090082,0.3768977488028558,1.0,0.0,4.660224779177425,0.43454265953439913,1.1682222224602345,1.0,0.0,5.910526655119114,0.5511270579565819,1.8791614489490895,1.0,0.0,5.363900350056898,0.5001568881410556,1.54765136744359,1,0,15.959002986487066,1.3077405509739497,13.700084499617326,0,0,,,,,,,,,,,
7,Acetonitrila,CC#N,6342,75-05-8,ACN,solv,15.681274835217064,17.31403916488399,7.879672944085342,35.82436983442395,36.68071318471514,29.873039581777444,53.56,,11.3,Mathieu,"Ro por Louwersi, 1600/Vm_Mathieu",0.0,,,1.815853929968586,0.16931929969992085,0.17736729976457263,1.0,0.0,3.924658977868524,0.36595482639135063,0.8285440171888669,1.0,0.0,5.905759695259745,0.550682562784495,1.8761315075039808,1.0,0.0,4.725795053318189,0.44065675974665464,1.2013277262129305,1,0,15.186707053623469,1.2444557261253582,12.406205340463034,0,0,,,,,,,,,,,
8,Alcool isopropílico (2-propanol),CC(C)O,3776,67-63-0,ISP,solv,15.8,6.1,16.4,32.183380804384115,36.121046496467955,22.598870056497173,70.80000000000001,60.096000000000004,17.354800000000004,Abbott,"(Vm, mM e Rm calculados pelo RDkit. Ro solventes por Louwersi)",0.0,,,7.316166855943947,0.6821959784824935,2.87924709345021,1.0,0.0,8.852383037066382,0.825440456291255,4.215335329692683,1.0,0.0,4.067474514430627,0.3792716610980839,0.8899414084996516,1.0,0.0,8.468314229708723,0.78962796034919,3.857497590151613,1,0,2.564485838473921,0.21014358642644737,0.35376294783235623,1,0,,,,,,,,,,,
9,Alcool isopropílico (2-propanol),CC(C)O,3776,67-63-0,ISP,solv,15.98301675452472,7.396500713964077,15.914434666969191,32.81060074295109,36.46648806620365,21.220159151193638,75.39999999999999,,17.47,Mathieu,"Ro por Louwersi, 1600/Vm_Mathieu",0.0,,,6.2799095036743635,0.5855701616701162,2.1213801687019425,1.0,0.0,7.814981411934768,0.7287079417558576,3.2852440134372336,1.0,0.0,2.0668279251275363,0.19272136987851718,0.22978431217835119,1.0,0.0,7.504224505064845,0.6997314139747717,3.029168072176921,1,0,3.4610456153783593,0.28361105664516045,0.6443567467658513,1,0,,,,,,,,,,,
10,Benzeno,C1=CC=CC=C1,241,71-43-2,BZN,solv,18.93295808071714,0.0,1.2918002444244474,37.86591616143428,37.887944713540016,18.163242138721763,88.08999999999999,,26.759999999999998,Mathieu,"Ro por Louwersi, 1600/Vm_Mathieu",0.0,,,12.877682898401606,1.200779541861458,8.920458710077586,0.0,0.0,13.386495214544045,1.2482237462801598,9.6393002467469,0.0,0.0,12.728308493634946,1.1868511254889909,8.714713602607215,0.0,0.0,12.71207663480954,1.185337585812816,8.69250078389278,0,0,9.313563490876772,0.7631883183055336,4.665986660218673,1,0,,,,,,,,,,,
11,Benzeno,C1=CC=CC=C1,241,71-43-2,BZN,solv,18.4,0.0,2.0,36.8,36.85430775363987,19.245573518090833,83.13600000000002,78.11399999999999,26.441999999999993,Abbott,"(Vm, mM e Rm calculados pelo RDkit. Ro solventes por Louwersi)",0.0,,,12.48936081005385,1.1645704487334714,8.390583397704704,0.0,0.0,13.167807756614181,1.2278322342654897,9.326929384689821,0.0,0.0,12.112519826344538,1.1294319112074969,7.891884773986119,0.0,0.0,12.47240593212483,1.1629894911409802,8.367817660321588,0,0,8.216670561562628,0.6733047983290477,3.631645790187087,1,0,,,,,,,,,,,
12,Butanol,CCCCO,263,71-36-3,BUT,solv,16.133512599386137,6.730143249156524,14.499255006362947,32.96142811427278,36.009500677903226,17.56890304161634,91.07,,22.049999999999997,Mathieu,"Ro por Louwersi, 1600/Vm_Mathieu",0.0,,,5.294838526678874,0.49371721842017174,1.5080549770874863,1.0,0.0,7.062529824021383,0.658545593440874,2.68307197724488,1.0,0.0,2.3379618769624355,0.21800325521736236,0.2940265745019814,1.0,0.0,6.620745898422377,0.6173514512983946,2.357901040613025,1,0,2.1834348964624426,0.17891884329699428,0.2564438143556826,1,0,,,,,,,,,,,
13,Butanol,CCCCO,263,71-36-3,BUT,solv,16.0,5.7,15.8,32.50369209797558,36.14042058416034,18.399264029438818,86.96000000000002,74.12299999999999,21.993799999999997,Abbott,"(Vm, mM e Rm calculados pelo RDkit. Ro solventes por Louwersi)",0.0,,,7.25729927431458,0.6767068708334631,2.8330993165396245,1.0,0.0,8.756493930694567,0.8164992765676151,4.124508811873013,1.0,0.0,4.216261448906357,0.3931452988032733,0.9562397672576842,1.0,0.0,8.332044089775229,0.7769214511510915,3.7343485644652974,1,0,3.288817747418682,0.2694980592900396,0.5818236205716908,1,0,,,,,,,,,,,
14,Butanona (2-butanona),CCC(=NN=C(C)CC)C,6569,78-93-3,BNA/MEK?,solv,16.0,9.0,5.1,33.24154027718932,33.6304921165302,10.094891984655762,158.49600000000004,140.23,46.800000000000026,Abbott,"(Vm, mM e Rm calculados pelo RDkit. Ro solventes por Louwersi)",0.0,,,4.2250554608372735,0.39396529644577166,0.9602328562520656,1.0,0.0,2.1636855242253223,0.20175285670639023,0.25182567854911986,1.0,0.0,7.220602470319423,0.6732850773449348,2.8045204104738795,1.0,0.0,1.047152180993518,0.09764170511674061,0.05898360832639356,1,0,6.871771001267186,0.5630986849850881,2.540089917321892,1,0,,,,,,,,,,,
15,Butanona (2-butanona),CCC(=NN=C(C)CC)C,6569,78-93-3,BNA/MEK?,solv,16.243709433387814,0.0,6.439505252842259,32.48741886677563,33.119474822628334,9.621166566446183,166.29999999999998,,43.66,Mathieu,"Ro por Louwersi, 1600/Vm_Mathieu",0.0,,,9.749118909319984,0.9090565926995421,5.112607688279176,1.0,0.0,11.327914526633178,1.0562713900359109,6.902583368575073,0.0,0.0,7.976467770487386,0.7437657372590966,3.4224173057700438,1.0,0.0,10.490736702165965,0.9782087437934656,5.920027282658409,1,0,6.304483332206912,0.5166130060535302,2.1380149396109744,1,0,,,,,,,,,,,
16,Ciclohexano,C1CCCCC1,8078,110-82-7,CLH,solv,16.8,0.0,0.2,33.6,33.60059523282288,15.971889474524831,100.17600000000003,84.162,27.701999999999984,Abbott,"(Vm, mM e Rm calculados pelo RDkit. Ro solventes por Louwersi)",0.0,,,12.901859101360833,1.2030338519063912,8.953984191587157,0.0,0.0,14.043739963715993,1.309508532916698,10.609069454203198,0.0,0.0,11.879652184710025,1.1077181679632866,7.59135296526952,0.0,0.0,13.3224098548283,1.242248106913465,9.5472284444099,0,0,8.410015672416568,0.6891482217565852,3.8045679413252844,1,0,,,,,,,,,,,
17,Ciclohexano,C1CCCCC1,8078,110-82-7,CLH,solv,16.65113066167394,0.0,1.6629783916310783,33.30226132334788,33.34375663268288,15.05032452262252,106.31,,27.599999999999998,Mathieu,"Ro por Louwersi, 1600/Vm_Mathieu",0.0,,,11.94295715251135,1.113621039685921,7.672475003675201,0.0,0.0,13.1961494659113,1.2304749569488995,9.367122194796849,0.0,0.0,10.75583624700346,1.0029279508518378,6.2230042433502275,0.0,0.0,12.438986327575197,1.1598732801147495,8.323034881275563,0,0,6.127941419382468,0.5021464996845222,2.0199515083366193,1,0,,,,,,,,,,,
18,Clorobenzeno,C1=CC=C(C=C1)Cl,7964,108-90-7,CLB,solv,19.324988666451002,4.054101993276384,2.316563373502615,38.86201861465416,38.93100251302528,16.06425702811245,99.6,,31.650000000000002,Mathieu,"Ro por Louwersi, 1600/Vm_Mathieu",0.0,,,8.947030846096439,0.8342658912442626,4.305956152384141,1.0,0.0,9.167959584779382,0.8548663914827537,4.521235344950625,1.0,0.0,8.938285085011247,0.8334503927518739,4.29754208551682,1.0,0.0,8.544332152865667,0.7967162515939593,3.9270640029003925,1,0,9.35965052207685,0.7669648624684349,4.712279043629006,1,0,,,,,,,,,,,
19,Clorobenzeno,C1=CC=C(C=C1)Cl,7964,108-90-7,CLB,solv,19.0,4.3,2.0,38.2425156076323,38.29477771184995,16.24431448992852,98.49600000000002,112.55899999999998,31.451999999999995,Abbott,"(Vm, mM e Rm calculados pelo RDkit. Ro solventes por Louwersi)",0.0,,,9.032581534918268,0.8422430652234542,4.388696162395287,1.0,0.0,9.377108011493162,0.8743684365316801,4.729873991366036,1.0,0.0,8.840343945181028,0.8243178711684052,4.203877556031906,1.0,0.0,8.767545726181915,0.8175298012378328,4.134926678684973,1,0,9.630249452875024,0.7891387536040277,4.98869333104165,1,0,,,,,,,,,,,
20,Clorofórmio,C(Cl)(Cl)Cl,6212,67-66-3,CLF,solv,17.8,3.1,5.7,35.73471701301131,36.186461556775626,21.27433251781725,75.20800000000001,119.37800000000001,21.346999999999998,Abbott,"(Vm, mM e Rm calculados pelo RDkit. Ro solventes por Louwersi)",0.0,,,7.9106339946525965,0.7376270668313816,3.3661566000416347,1.0,0.0,8.894799275383074,0.8293955584330949,4.255827708872764,1.0,0.0,6.840404796802589,0.6378335452778575,2.516954354160845,1.0,0.0,8.15164731239008,0.7601003536438132,3.5743946089857155,1,0,3.920595525983105,0.3212682996322781,0.8268292155401099,1,0,,,,,,,,,,,
21,Clorofórmio,C(Cl)(Cl)Cl,6212,67-66-3,CLF,solv,17.526496905201373,7.900467510443864,4.002572888849639,35.93229413710892,36.15453431709868,20.33553634977123,78.67999999999999,,21.09,Mathieu,"Ro por Louwersi, 1600/Vm_Mathieu",0.0,,,4.498690429281841,0.41948038907838536,1.0886391576070937,1.0,0.0,5.700991600210002,0.5315889617615818,1.748286226359111,1.0,0.0,1.2422233221536625,0.11583111367421829,0.0830063067822722,1.0,0.0,5.105586520477232,0.47607041510189957,1.402177565768783,1,0,9.129995325356534,0.7481460544421845,4.483868260004756,1,0,,,,,,,,,,,
22,Diclorometano,C(Cl)Cl,6344,75-09-2,DCM,solv,16.932687442870684,7.040490658010003,3.635554930375686,34.58947997379157,34.78001415337704,24.224072672218018,66.05,,16.34,Mathieu,"Ro por Louwersi, 1600/Vm_Mathieu",0.0,,,4.6784070712923205,0.4362380673626525,1.1773558567716496,1.0,0.0,6.345748428775125,0.5917093122411367,2.1660946795823697,1.0,0.0,1.6561903166769725,0.15443146607854433,0.14754762253684547,1.0,0.0,5.653886278455045,0.5271966260345408,1.7195146156048855,1,0,7.877083093488227,0.6454777277420259,3.3376637915678824,1,0,,,,,,,,,,,
23,Diclorometano,C(Cl)Cl,6344,75-09-2,DCM,solv,17.0,7.3,7.1,34.77484723187148,35.4922526757601,26.9034167339252,59.472000000000016,84.933,16.573,Abbott,"(Vm, mM e Rm calculados pelo RDkit. Ro solventes por Louwersi)",0.0,,,1.0478651269209913,0.09770818375974787,0.059063952787396075,1.0,0.0,4.181340110379701,0.38988905859235534,0.9404651845162084,1.0,0.0,4.808382087925156,0.44835758778858126,1.2436829346183398,1.0,0.0,3.270347828716822,0.30494358328870014,0.5753069568344059,1,0,5.40004014623491,0.44249953973303696,1.5685765242429364,1,0,,,,,,,,,,,
24,Dimetilacetamida,CC(=O)N(C)C,31374,127-19-5,DMA,solv,16.8,11.5,9.4,35.51351855279902,36.73649411688601,16.911889058007777,94.60800000000002,87.122,24.36799999999999,Abbott,"(Vm, mM e Rm calculados pelo RDkit. Ro solventes por Louwersi)",1.0,,,3.745682431345991,0.349266158310857,0.7546987693201374,0.0,0.0,1.6967539615283838,0.15821382314271418,0.15486364518970652,0.0,0.0,6.377618196882987,0.5946810087683543,2.1879065384469167,0.0,0.0,1.732483999301348,0.16154547051485424,0.16145451649739542,0,0,9.530290857815814,0.7809477714801446,4.885669041370172,0,0,,,,,,,,,,,
25,Dimetilacetamida,CC(=O)N(C)C,31374,127-19-5,DMA,solv,16.30739791443247,13.22076633017301,7.363881643486266,35.1925214969826,35.95469819334959,15.912481352560915,100.55,,25.099999999999998,Mathieu,"Ro por Louwersi, 1600/Vm_Mathieu",1.0,,,4.2708064615752495,0.39823134850958425,0.9811412070191047,0.0,0.0,2.240561402869418,0.20892114801055892,0.27003834300389823,0.0,0.0,7.057925074304167,0.6581162235534922,2.679574406950873,0.0,0.0,1.9197383956066771,0.17900600669834466,0.198242075505213,0,0,11.384622129400771,0.9328986296160845,6.9718650889784755,0,0,,,,,,,,,,,
26,Dimetilsulfoxido,CS(=O)C,679,67-68-5,DMSO,solv,17.081807224953437,0.0,5.168272298680581,34.16361444990687,34.552331192485326,20.092929800326512,79.63,,20.6,Mathieu,"Ro por Louwersi, 1600/Vm_Mathieu",1.0,,,10.745920821036542,1.0020033869575526,6.211535995749408,0.0,1.0,11.93489248773997,1.112869050019314,7.662116589633565,0.0,1.0,9.624415188366983,0.8974285942392796,4.982650592443706,0.0,0.0,11.157349140611732,1.0403670206163411,6.6962827073949605,0,1,1.9315409651815636,0.15827770996559676,0.20068715692406988,0,0,,,,,,,,,,,
27,Dimetilsulfoxido,CS(=O)C,679,67-68-5,DMSO,solv,18.4,16.4,10.2,40.288956303185614,41.56007699704128,21.90820462263117,73.03200000000001,78.13600000000001,19.990399999999998,Abbott,"(Vm, mM e Rm calculados pelo RDkit. Ro solventes por Louwersi)",1.0,,,5.836463020916706,0.5442209943853784,1.8323617198284856,0.0,0.0,5.002719424468782,0.4664785727345917,1.3462447617918452,0.0,0.0,4.825391189654032,0.4499436014792903,1.2524972692403225,0.0,0.0,5.800092834302041,0.540829656334494,1.809595982445369,0,0,16.057153589727665,1.3157833794682465,13.869118434818054,0,1,,,,,,,,,,,
28,Etanol,CCO,702,64-17-5,EOH,solv,16.022949992168403,8.438402022290598,18.13289834573364,33.13829106179007,37.7749697142516,27.619540825133782,57.93,,12.85,Mathieu,"Ro por Louwersi, 1600/Vm_Mathieu",0.0,,,8.556559044437021,0.7978563480985302,3.938311257819359,1.0,0.0,9.608498741275893,0.8959444651302709,4.9661840297570645,1.0,0.0,6.183247588781933,0.5765569214159715,2.0565771559180153,1.0,0.0,9.476550325952518,0.8836409351434428,4.830724615463228,1,0,7.548430471012358,0.618546699409019,3.064961700642189,1,0,,,,,,,,,,,
29,Etanol,CCO,702,64-17-5,EOH,solv,15.8,8.8,19.4,32.802438933713454,38.109841248685356,29.620853080568715,54.01600000000001,46.069,12.759800000000002,Abbott,"(Vm, mM e Rm calculados pelo RDkit. Ro solventes por Louwersi)",0.0,,,9.652019507231167,0.9000025589517704,5.011273614192924,1.0,0.0,10.636373269427901,0.9917886255078049,6.085536528793289,1.0,0.0,7.470585656363089,0.6965947595275764,3.0020715107048037,1.0,0.0,10.5521338598904,0.9839337217654807,5.989524110894328,1,0,8.699547930584119,0.7128735807368024,4.0710375130649465,1,0,,,,,,,,,,,
30,Heptano,CCCCCCC,8900,142-82-5,HEP,solv,15.3,0.0,0.0,30.6,30.6,12.475049900199599,128.25600000000003,100.205,34.432999999999986,Abbott,"(Vm, mM e Rm calculados pelo RDkit. Ro solventes por Louwersi)",0.0,,,11.698424397242977,1.0908195829209217,7.361502759893093,0.0,0.0,13.404667445069471,1.2499182159155031,9.665488801524155,0.0,0.0,9.816046328750813,0.9152972399243698,5.183044442287812,1.0,0.0,12.59435937184945,1.1743610396281023,8.532256378533827,0,0,5.138226863854259,0.4210455775749574,1.4201632974798286,1,0,,,,,,,,,,,
31,Heptano,CCCCCCC,8900,142-82-5,HEP,solv,15.614072945728772,0.0,1.6614358212399991,31.228145891457544,31.27231147207152,11.266812196324203,142.01,,34.480000000000004,Mathieu,"Ro por Louwersi, 1600/Vm_Mathieu",0.0,,,10.982821600000925,1.0240932000920866,6.488429529755906,0.0,0.0,12.665865930025124,1.181028668645193,8.629418016651579,0.0,0.0,9.120327703150984,0.8504249566803137,4.474377478828959,1.0,0.0,11.838039336093539,1.1038379778940424,7.5382631032577,0,0,2.1525847971465106,0.17639087047117438,0.24924833806760394,1,0,,,,,,,,,,,
32,Hexano,CCCCCC,8058,110-54-3,HEX,solv,14.9,0.0,0.0,29.8,29.8,14.317417137948311,111.75200000000002,86.178,29.81599999999998,Abbott,"(Vm, mM e Rm calculados pelo RDkit. Ro solventes por Louwersi)",0.0,,,11.182614611552973,1.0427228994542572,6.726644093565859,0.0,0.0,13.079874623953238,1.21963290931052,9.20277694983572,0.0,0.0,8.972411385241427,0.836632499616837,4.330420692969326,1.0,0.0,12.234320132478414,1.14078918075295,8.051400209758057,0,0,3.2232523481002375,0.26412538459963886,0.5588565549637444,1,0,,,,,,,,,,,
33,Hexano,CCCCCC,8058,110-54-3,HEX,solv,15.560599195638769,0.0,1.653594569415369,31.121198391277538,31.165098496703898,12.755102040816327,125.44,,29.88,Mathieu,"Ro por Louwersi, 1600/Vm_Mathieu",0.0,,,10.925026654959144,1.0187041104416656,6.420321030163664,0.0,0.0,12.632824919083454,1.177947759579937,8.58445420617625,0.0,0.0,9.020731264236439,0.8411380867337269,4.377188240349485,1.0,0.0,11.800667189480041,1.1003532120830668,7.4907423313337125,0,0,1.6871313523216398,0.1382498697518064,0.15311210455165242,1,0,,,,,,,,,,,
34,Metanol,CO,887,67-56-1,MET_cluster?,solv,14.7,5.0,10.0,29.822139426942528,31.454093533274804,42.835724994645524,37.35200000000001,32.042,8.1428,Abbott,"(Vm, mM e Rm calculados pelo RDkit. Ro solventes por Louwersi)",0.0,,,5.432585512445585,0.5065614361079888,1.5875407288399557,1.0,0.0,2.7787760204621645,0.2591069700279946,0.41535440312631344,1.0,0.0,8.780432879244923,0.8187314638251931,4.147091222213904,1.0,0.0,1.85843571976592,0.17328983868957326,0.18578336387202307,1,0,9.539439958860472,0.7816974831288729,4.89505405095674,1,0,,,,,,,,,,,
35,Metanol,CO,887,67-56-1,MET_cluster?,solv,15.690841443619947,9.986693274212014,21.432330194425028,32.93241660413758,39.2923509216659,38.684719535783366,41.36,,8.25,Mathieu,"Ro por Louwersi, 1600/Vm_Mathieu",0.0,,,11.686013860228103,1.0896623623969697,7.345891812876335,0.0,0.0,12.451731846327593,1.1610617360108166,8.340099896403832,0.0,0.0,9.893998131768202,0.9225658557967262,5.265691139483472,1.0,0.0,12.471177216734496,1.1628749195744084,8.366169035356839,0,0,11.526908374244336,0.9445580980919843,7.14722436867667,1,0,,,,,,,,,,,
36,"N,N Dimetilformamida",CN(C)C=O,6228,68-12-2,DMF,solv,16.49964617239605,10.393104785307651,8.010904088992726,34.59725310390175,35.512596450534,19.002375296912113,84.2,,20.860000000000003,Mathieu,"Ro por Louwersi, 1600/Vm_Mathieu",1.0,,,4.548787203623826,0.42415166280190375,1.1130200172953626,0.0,0.0,2.2565962639630013,0.2104163186332301,0.27391730075846754,0.0,0.0,7.086029712042395,0.6607368404993933,2.7009570105515492,0.0,0.0,2.740998496351718,0.25558440479231603,0.4041376654722451,0,0,8.023554755033011,0.6574801649577363,3.4629432560215903,0,0,,,,,,,,,,,
37,"N,N Dimetilformamida",CN(C)C=O,6228,68-12-2,DMF,solv,17.4,13.7,11.3,37.39959892833077,39.069425386099546,20.491803278688522,78.08000000000001,73.095,19.750999999999998,Abbott,"(Vm, mM e Rm calculados pelo RDkit. Ro solventes por Louwersi)",1.0,,,3.132657258183595,0.2921046260393294,0.5278827823166394,0.0,0.0,3.516785710133718,0.3279226835414186,0.6652785880688271,0.0,0.0,3.31950870151488,0.30952758887275506,0.5927333407678727,0.0,0.0,4.06789013490529,0.37931041562924384,0.8901232888121848,0,0,12.59415196521853,1.032012040099876,8.531975358765228,0,1,,,,,,,,,,,
38,Nitrometano,C[N+](=O)[O-],6375,75-52-5,NME,solv,15.8,18.8,6.1,36.76955262170047,37.27210753365041,29.67359050445103,53.920000000000016,61.040000000000006,12.9184,Abbott,"(Vm, mM e Rm calculados pelo RDkit. Ro solventes por Louwersi)",0.0,,,5.660344701555088,0.5277988416965044,1.7234452555853708,1.0,0.0,6.448626822273256,0.6013022080428698,2.2368982228407783,1.0,0.0,2.2102567771893558,0.20609539318902154,0.2627829571961939,1.0,0.0,7.086998699696316,0.6608271937531832,2.7016957522867755,1,0,17.388064896037974,1.424843242824712,16.263508410823018,0,0,,,,,,,,,,,
39,Nitrometano,C[N+](=O)[O-],6375,75-52-5,NME,solv,15.938685317603825,17.113069358158484,8.465721676077102,36.180435341100335,37.15766872354001,28.429282160625444,56.28,,12.31,Mathieu,"Ro por Louwersi, 1600/Vm_Mathieu",0.0,,,2.6077891399309974,0.2431632983528659,0.36581093088051614,1.0,0.0,4.1178861135785185,0.38397229066062905,0.9121376798917927,1.0,0.0,5.366711987875696,0.5004190593094694,1.5492742818506227,1.0,0.0,4.898365505042552,0.45674809151769286,1.2906667143701522,1,0,15.144910423263589,1.2410307534963059,12.33801096215163,0,0,,,,,,,,,,,
40,Pentano,CCCCC,8003,109-66-0,PEN,solv,14.5,0.0,0.0,29.0,29.0,16.757436112274817,95.48000000000002,72.151,25.19899999999999,Abbott,"(Vm, mM e Rm calculados pelo RDkit. Ro solventes por Louwersi)",0.0,,,10.581521900134515,0.9866740095780431,6.0229326118146895,1.0,0.0,12.69650074011601,1.1838852115121177,8.671212282723348,0.0,0.0,7.96075163560814,0.7423002862622812,3.4089441282269055,1.0,0.0,11.809288302884356,1.1011570878024521,7.501691225558355,0,0,2.6272921241015754,0.2152901689943485,0.3713030029762734,1,0,,,,,,,,,,,
41,Pentano,CCCCC,8003,109-66-0,PEN,solv,15.481138090987333,0.0,1.643310210705341,30.962276181974666,31.00585452487133,14.696426931202351,108.87,,25.28,Mathieu,"Ro por Louwersi, 1600/Vm_Mathieu",0.0,,,10.835804339111899,1.0103845756004892,6.315882511946183,0.0,0.0,12.581162893584585,1.1731305340122948,8.514385402625352,0.0,0.0,8.867276066294846,0.826829156801663,4.229530811523729,1.0,0.0,11.742356248786859,1.0949160084181309,7.416896834552535,0,0,0.35116348242511336,0.028775652612972887,0.006633312049498889,1,0,,,,,,,,,,,
42,Teofilina,CN1C2=C(C(=O)N(C1=O)C)NC=N2,2153,58-55-9,TEO,cof,20.103756126531206,0.0,10.89521303128938,40.20751225306241,41.65752883426166,12.203493249942795,131.11,,45.4,Mathieu,"Ro por Louwersi, 1600/Vm_Mathieu",1.0,,,10.857308913778477,1.0123897696652744,6.3409761988271445,0.0,1.0,10.903527405949006,1.0166994129677154,6.3950769243243215,0.0,1.0,11.18922604414963,1.0433393824867325,6.734600354647233,0.0,1.0,10.259797657948175,0.9566748326153778,5.662253714682989,0,0,0.0,0.0,0.0,0,0,,,,,,,,,,,
43,Tetraidrofurano,C1CCOC1,8028,109-99-9,THF,solv,16.35829446696158,4.423018759571632,5.1532530112066475,33.01421339997102,33.41398364482057,19.52648279228704,81.94,,19.95,Mathieu,"Ro por Louwersi, 1600/Vm_Mathieu",0.0,,,5.213446118555853,0.48612778332474066,1.462047601531456,1.0,0.0,7.314160523893878,0.6820088980504848,2.8776681426816193,1.0,0.0,1.797504338764818,0.1676082920681255,0.17380074290833336,1.0,0.0,6.431961220465893,0.5997482240023423,2.2253512425297424,1,0,1.892282313364764,0.15506070881578388,0.19261211235640097,1,0,,,,,,,,,,,
44,Tetraidrofurano,C1CCOC1,8028,109-99-9,THF,solv,16.8,5.7,8.0,34.08005281686048,35.00642798115798,20.83767451552406,76.78400000000002,72.107,20.052999999999997,Abbott,"(Vm, mM e Rm calculados pelo RDkit. Ro solventes por Louwersi)",0.0,,,3.2810736568475254,0.3059437131327476,0.5790868376663049,1.0,0.0,5.549926467174321,0.5175028934316697,1.6568614443835976,1.0,0.0,3.931312590732469,0.3665752425228492,0.8313557183806664,1.0,0.0,4.6684130505255865,0.43530617489625845,1.1723310904890467,1,0,1.6694189641375348,0.1367984502425451,0.14991407835236575,1,0,,,,,,,,,,,
45,Tolueno,CC1=CC=CC=C1,1140,108-88-3,TOL,solv,18.0,1.4,2.0,36.027211937645134,36.082682827084795,15.991045014791712,100.05600000000003,92.14099999999999,31.17899999999999,Abbott,"(Vm, mM e Rm calculados pelo RDkit. Ro solventes por Louwersi)",0.0,,,11.210792550761845,1.0453503513957885,6.76058638345342,0.0,0.0,12.010401047615078,1.1199098456848682,7.7593752058962595,0.0,0.0,10.596473886038643,0.9880682075036735,6.039965781398389,1.0,0.0,11.319081714184119,1.0554477744390984,6.891823143621768,0,0,7.961259668692516,0.6523754719764224,3.409379240824394,1,0,,,,,,,,,,,
46,Tolueno,CC1=CC=CC=C1,1140,108-88-3,TOL,solv,18.516765715400012,0.0,1.3699181009159482,37.033531430800025,37.058860287915905,15.319800842589046,104.44,,31.520000000000003,Mathieu,"Ro por Louwersi, 1600/Vm_Mathieu",0.0,,,12.827519906968458,1.1961020937252742,8.85109757432164,0.0,0.0,13.461586174674357,1.2552256028575108,9.747746024271864,0.0,0.0,12.510092750574474,1.166503598527317,8.418462719450744,0.0,0.0,12.778352901723641,1.1915175163212213,8.783376307438562,0,0,8.980929197500021,0.7359310169276424,4.338646624060192,1,0,,,,,,,,,,,
47,propan-1-ol,CCCO,1031,71-23-8,1PR,solv,16.114184645081536,7.441043442742323,16.010273547332122,33.076228845197946,36.74732335395746,21.476510067114095,74.5,,17.45,Mathieu,"Ro por Louwersi, 1600/Vm_Mathieu",0.0,,,6.594520898476262,0.6149061011784193,2.33925858296585,1.0,0.0,7.998763114220686,0.745844666585508,3.4415763151379397,1.0,0.0,3.1048728474426692,0.2895138686597918,0.518560428559329,1.0,0.0,7.708761589733807,0.718803474434729,3.196546029580061,1,0,4.226848610628484,0.3463638258371879,0.9610480913389354,1,0,,,,,,,,,,,
48,propan-1-ol,CCCO,1031,71-23-8,1PR,solv,16.0,6.8,17.4,32.71452276894774,37.05401462729781,22.563176895306853,70.91200000000002,60.096,17.376800000000003,Abbott,"(Vm, mM e Rm calculados pelo RDkit. Ro solventes por Louwersi)",0.0,,,8.325812697813827,0.7763404050076506,3.7287649435222345,1.0,0.0,9.551244875872333,0.8906058284507159,4.907176662257142,1.0,0.0,5.852274952226317,0.5456953779203431,1.8423035027469514,1.0,0.0,9.277592523713754,0.8650891148736891,4.6300141914479065,1,0,4.603150673629733,0.37719942801224643,1.139782843088846,1,0,,,,,,,,,,,
49,Éter dietílico,CCOCC,3283,60-29-7,DET,solv,14.5,2.9,4.6,29.14463930125058,29.505423230314793,18.336847895846702,87.25600000000001,74.123,22.166999999999994,Abbott,"(Vm, mM e Rm calculados pelo RDkit. Ro solventes por Louwersi)",0.0,,,1.6895422898216168,0.1575413708144167,0.1535500164785114,1.0,0.0,6.813959374949199,0.6353676419171382,2.4975305757629904,1.0,0.0,6.799940578988754,0.6340604592878065,2.487264487275408,1.0,0.0,5.508651164006538,0.5136541777877898,1.6323086302221756,1,0,8.807305137965214,0.721703610399137,4.172514169315432,1,0,,,,,,,,,,,
50,Éter dietílico,CCOCC,3283,60-29-7,DET,solv,15.333763369747878,4.03309495251375,4.751565204481612,30.93158662619296,31.29441520632906,16.235413495687467,98.55,,22.23,Mathieu,"Ro por Louwersi, 1600/Vm_Mathieu",0.0,,,3.29632512141703,0.30736583594653105,0.5844829062052862,1.0,0.0,6.787690566391742,0.6329182068631981,2.4783110041804592,1.0,0.0,5.464732723984635,0.5095590028479474,1.6063847974023737,1.0,0.0,5.69112076443688,0.530668555679917,1.7422374166787045,1,0,6.082849667978811,0.49845151248043873,1.9903337190629158,1,0,,,,,,,,,,,
51,Teofilina,CN1C2=C(C(=O)N(C1=O)C)NC=N2,2153,58-55-9,TEO,cof,18.788207446091146,10.85,8.23413614934029,39.11150030552931,39.9688685638622,10.724435626575149,131.11,,45.4,nelder-mead,"Ro por Louwersi, 1600/Vm_Mathieu",1.0,0.0005011092827458789,3603.0,0.0,0.0,0.0,0.0,0.0,1.8563185403512545,0.17309242229505278,0.18536030628701025,0.0,0.0,2.529791486826337,0.23589040718912185,0.34425573768920614,0.0,0.0,1.7893530901039227,0.1668482288867403,0.172228028048397,0,0,10.857308913778477,0.8896886073034351,6.3409761988271445,0,0,,,,,,,,,,,
52,Teofilina,CN1C2=C(C(=O)N(C1=O)C)NC=N2,2153,58-55-9,TEO,cof,17.78812160455295,11.57837094858064,8.38984099766746,37.41293565996111,38.34210722772721,10.724435626575149,131.11,,45.4,COBYLA,"Ro por Louwersi, 1600/Vm_Mathieu",1.0,0.0031708415545948507,66.0,,,,,,0.0,0.0,0.0,0.0,0.0,4.474275222622227,0.41720379313340966,1.0768547394714654,0.0,0.0,0.7143694838008932,0.0666113825170143,0.027450959071444816,0,0,10.903527405949006,0.893475923871234,6.3950769243243215,0,0,,,,,,,,,,,
53,Teofilina,CN1C2=C(C(=O)N(C1=O)C)NC=N2,2153,58-55-9,TEO,cof,20.053312331928847,10.877599379970833,8.270943704107038,41.555547285515324,42.370650454709896,10.724435626575149,131.11,,45.4,SLSQP,"Ro por Louwersi, 1600/Vm_Mathieu",1.0,0.00037764832879416216,38.0,,,,,,,,,,,0.0,0.0,0.0,0.0,0.0,4.319317862232474,0.4027547940638671,1.0035570459465195,0,0,11.18922604414963,0.9168871416552863,6.734600354647233,0,0,,,,,,,,,,,
54,Teofilina,CN1C2=C(C(=O)N(C1=O)C)NC=N2,2153,58-55-9,TEO,cof,17.893530901039185,10.85,8.23413614934029,37.39567210822366,38.2914780408337,10.724435626575149,131.11,,45.4,BFGS,"Ro por Louwersi, 1600/Vm_Mathieu",1.0,0.00048474456248850164,276.0,,,,,,,,,,,,,,,,0.0,0.0,0.0,0,0,10.259797657948175,0.8407262943334908,5.662253714682989,0,0,,,,,,,,,,,
55,4-hydroxybenzoic acid,C1=CC(=CC=C1C(=O)O)O,135,99-96-7,4BZC,cof,20.698097517493725,8.947399356003473,17.33578888712391,42.352106424716716,45.76276319180759,15.987210231814549,100.08,,34.81,Mathieu,"Ro por Louwersi, 1600/Vm_Mathieu",,,,6.037938102816061,0.4546265494515354,1.496926670794739,0.0,0.0,3.3084855773427098,0.24911242154601937,0.44945033104242726,0.0,0.0,5.517649849668953,0.4154514454308239,1.2500618070507596,0.0,0.0,2.454097063501459,0.1847812383963424,0.24729007408160225,0,0,0.0,0.0,0.0,0,0,1.0,,,,,,,,,,
56,Hexanol,CCCCCCO,8103,111-27-3,6OH,solv,15.9,5.8,12.5,32.32460363252735,34.657322458608945,13.277567549624905,120.50400000000003,102.17699999999999,31.22779999999998,Abbott,"(Vm, mM e Rm calculados pelo RDkit. Ro solventes por Louwersi)",,,,5.240436542517691,0.3945786694688696,1.127607993543238,0.0,0.0,5.027827093969925,0.3785702410404656,1.0379678001658297,0.0,0.0,6.43881601478875,0.484810651833519,1.702296649081527,0.0,0.0,3.7728744465331636,0.2840785814517146,0.5844776640441776,0,0,7.6678538250618455,0.47962425675761844,2.4141867580774052,0,0,1.0,,,,,,,,,,
57,Hexanol,CCCCCCO,8103,111-27-3,6OH,solv,16.11367033065638,5.762801964545532,12.446973106815072,32.73853039742121,35.024827081723764,12.881410514451334,124.21,,31.25,Mathieu,"Ro por Louwersi, 1600/Vm_Mathieu",,,,4.690333535217384,0.353158663534193,0.9032972064598104,0.0,0.0,5.339005947560712,0.40200045282158386,1.1704261663316653,0.0,0.0,5.857364777853259,0.4410302809484612,1.4087299754764722,0.0,0.0,4.1569357411319015,0.3129964766285266,0.7095284848086814,0,0,7.072885567162532,0.4424089922260164,2.05407584925492,0,0,1.0,,,,,,,,,,
58,Metil acetato,CC(=O)OC,6584,79-20-9,MAc,solv,15.568782626173814,9.242141827204984,7.151622446092707,32.48022714511674,33.25824497789737,19.925280199252803,80.3,,18.020000000000003,Mathieu,"Ro por Louwersi, 1600/Vm_Mathieu",,,,6.33979063021644,0.4773545355021469,1.6503385501440069,0.0,0.0,4.917993841332717,0.370300346283147,0.9931141600499961,0.0,0.0,7.2611863298113875,0.5467310247031485,2.164902668884593,0.0,0.0,3.0545049457913707,0.2299889498933613,0.38309358392018156,0,0,1.198067524936981,0.07493912368480815,0.05893669871806208,0,0,1.0,,,,,,,,,,
59,Metil acetato,CC(=O)OC,6584,79-20-9,MAc,solv,15.5,7.2,7.6,31.82514728952562,32.72002444986862,21.420156367141477,74.69600000000001,74.07900000000001,17.689999999999998,Abbott,"(Vm, mM e Rm calculados pelo RDkit. Ro solventes por Louwersi)",,,,6.404616529331626,0.4822356015760249,1.6842613273463096,0.0,0.0,5.731867142362987,0.4315809364842212,1.3490108539826737,0.0,0.0,6.968940496219201,0.5247263746628248,1.9941449627047354,0.0,0.0,3.848356219708505,0.2897619815629519,0.608098236200073,0,0,3.2002939617308424,0.2001783873062642,0.42053578482689724,0,0,1.0,,,,,,,,,,
60,Octanol,CCCCCCCCO,957,111-87-5,8OH,solv,16.07933884455681,5.120101881731811,11.086940132418913,32.56372205371505,34.39936388207562,10.168414362885288,157.35,,40.449999999999996,Mathieu,"Ro por Louwersi, 1600/Vm_Mathieu",,,,4.608808838544483,0.3470202614982069,0.8721689137441664,0.0,0.0,6.293395320955412,0.4738612006913378,1.626272203061042,0.0,0.0,5.279382781551082,0.39751112653688875,1.1444307446309714,0.0,0.0,4.937244184351872,0.37174980086077425,1.0009040048216131,0,0,5.624536425304356,0.35181475340278745,1.2989627002121935,0,0,1.0,,,,,,,,,,
61,Octanol,CCCCCCCCO,957,111-87-5,8OH,solv,16.0,5.0,11.2,32.38826948140329,34.27010358898846,10.400416016640664,153.84000000000003,130.23100000000002,40.461800000000004,Abbott,"(Vm, mM e Rm calculados pelo RDkit. Ro solventes por Louwersi)",,,,4.701389756925576,0.35399114174771135,0.9075607945514975,0.0,0.0,6.311472410392774,0.475222315140524,1.6356281987412535,0.0,0.0,5.402041132607483,0.4067466870796805,1.1982266828783101,0.0,0.0,4.958842997133238,0.3733760834691472,1.0096804088026188,0,0,5.921031514220548,0.37036052121449525,1.4395208457124231,0,0,1.0,,,,,,,,,,
62,Pentanol,CCCCCO,6276,71-41-0,5OH,solv,15.9,5.9,13.9,32.34269623887285,35.20312486129605,15.421389467190991,103.75200000000002,88.14999999999999,26.61079999999999,Abbott,"(Vm, mM e Rm calculados pelo RDkit. Ro solventes por Louwersi)",,,,4.558906431875121,0.3432628597880373,0.8533841463906708,0.0,0.0,4.9717579728921235,0.3743485165689125,1.01494654806691,0.0,0.0,6.246517907385487,0.4703315658365903,1.6021353088924604,0.0,0.0,4.083374498416163,0.30745768285824504,0.6846390042332443,0,0,8.425892892605699,0.5270396004324864,2.9151109012242014,0,0,1.0,,,,,,,,,,
63,Pentanol,CCCCCO,6276,71-41-0,5OH,solv,16.128004626337297,6.1904915040177135,13.353698215799522,32.84466955184577,35.45551542438203,14.864362690449648,107.64,,26.65,Mathieu,"Ro por Louwersi, 1600/Vm_Mathieu",,,,4.494302454456377,0.33839850330829296,0.8293690125815844,0.0,0.0,4.849860751205438,0.3651702652620135,0.9657878818429626,0.0,0.0,6.028957630585635,0.4539503647949455,1.4924771017773333,0.0,0.0,3.8684853916330497,0.2912776075630105,0.6144762977906018,0,0,7.751477866588061,0.4848549405550832,2.467131144182635,0,0,1.0,,,,,,,,,,
64,4-hydroxybenzoic acid,C1=CC(=CC=C1C(=O)O)O,135,99-96-7,4BZC,cof,19.171265351618235,9.211135157424648,10.574723452483088,39.433420744553416,40.82670018154139,13.281094362175441,100.08,,34.81,nelder-mead,"Ro por Louwersi, 1600/Vm_Mathieu",,3.6636923723688715e-11,515.0,0.0,0.0,0.0,0.0,0.0,1.6797118973895566,0.1264739073139467,0.11584913882499058,0.0,0.0,1.3748060027890086,0.10351601797999842,0.07760792154646214,0.0,0.0,2.2913236446608343,0.17252521382473754,0.21557385423481057,0,0,6.037938102816061,0.3776730283311446,1.496926670794739,0,0,1.0,,,,,,,,,,
65,4-hydroxybenzoic acid,C1=CC(=CC=C1C(=O)O)O,135,99-96-7,4BZC,cof,17.599019949572874,11.850062377420079,12.971662667984877,37.13927827907541,39.339420731152046,13.281094362175441,100.08,,34.81,COBYLA,"Ro por Louwersi, 1600/Vm_Mathieu",,1.0413374678628258,40.0,,,,,,0.0,0.0,0.0,0.0,0.0,4.588973842390418,0.3455267854627866,0.8646779364989233,0.0,0.0,1.4142630168157646,0.10648693385114301,0.08212655060622484,0,0,3.3084855773427098,0.20694577286278648,0.44945033104242726,0,0,1.0,,,,,,,,,,
66,4-hydroxybenzoic acid,C1=CC(=CC=C1C(=O)O)O,135,99-96-7,4BZC,cof,20.0,10.850000000000001,11.97165510535267,41.44541591056844,43.13980790362327,13.281094362175441,100.08,,34.81,SLSQP,"Ro por Louwersi, 1600/Vm_Mathieu",,7.053465375128756,6.0,,,,,,,,,,,0.0,0.0,0.0,0.0,0.0,4.801902482506279,0.3615592474203103,0.9467817661101035,0,0,5.517649849668953,0.34512899809679304,1.2500618070507596,0,0,1.0,,,,,,,,,,
67,4-hydroxybenzoic acid,C1=CC(=CC=C1C(=O)O)O,135,99-96-7,4BZC,cof,17.59904875874686,10.850000000000001,11.97165510535267,36.832439083652844,38.72917627335384,13.281094362175441,100.08,,34.81,BFGS,"Ro por Louwersi, 1600/Vm_Mathieu",,0.6705772402992782,150.0,,,,,,,,,,,,,,,,0.0,0.0,0.0,0,0,2.454097063501459,0.15350377132201626,0.24729007408160225,0,0,1.0,,,,,,,,,,
68,Acido acetilsalicilico,CC(=O)OC1=CC=CC=C1C(=O)O,2244,50-78-2,AAS,cof,19.0,6.9,9.7,38.6213671430725,39.82084881064189,10.239606799098913,156.25600000000003,180.15899999999996,44.71030000000002,Abbott,"(Vm, mM e Rm calculados pelo RDkit. Ro solventes por Louwersi)",,,,4.986741453343193,0.4870051703334963,1.594212914842613,0.0,0.0,6.038759514223866,0.5897452541591028,2.33780395221925,0.0,0.0,4.720261598893593,0.46098074774794834,1.428383271117388,0.0,0.0,2.4559507766366147,0.23984815284633182,0.38668020080914717,0,0,2.022512726886584,0.1757310745573581,0.23331127492548562,0,0,,1.0,0.0,0.0,0.0,0.0,0.0,,,,
69,Acido acetilsalicilico,CC(=O)OC1=CC=CC=C1C(=O)O,2244,50-78-2,AAS,cof,18.884308846903135,8.791941223099474,10.451434568259007,38.77843102771606,40.162161265374294,11.509135376204862,139.02,,44.58,Mathieu,"Ro por Louwersi, 1600/Vm_Mathieu",,,,2.751697541864149,0.26873078193845285,0.48541591458255895,0.0,0.0,4.070603159310323,0.3975351045382462,1.0622583404500499,0.0,0.0,2.364005183519498,0.2308687462225142,0.35826919507321203,0.0,0.0,2.766382924438998,0.2701649564007126,0.4906109189046921,0,0,0.0,0.0,0.0,0,0,,1.0,2.022512726886584,0.19751859290774382,0.2622377109391216,0.0,0.0,,,,
70,Acido acetilsalicilico,CC(=O)OC1=CC=CC=C1C(=O)O,2244,50-78-2,AAS,cof,17.065114817753642,11.184017995094385,14.335720312325254,35.91594121677802,38.671277588932455,10.239606799098913,156.25600000000003,180.15899999999996,44.71030000000002,nelder-mead,"Ro por Louwersi, 1600/Vm_Mathieu",,8.788897971709357e-10,355.0,0.0,0.0,0.0,0.0,0.0,1.138997662853355,0.11123451175425865,0.08316838818971274,0.0,0.0,5.6983654215744775,0.5565023670709636,2.081676363434997,0.0,0.0,1.2590873955330637,0.12296247504775902,0.10163057241492139,0,0,2.751697541864149,0.23908812016872127,0.43187154698230684,0,0,,1.0,4.986741453343193,0.4870051703334963,1.594212914842613,0.0,0.0,,,,
71,Acido acetilsalicilico,CC(=O)OC1=CC=CC=C1C(=O)O,2244,50-78-2,AAS,cof,17.750016910921985,11.850062148977901,13.967708059814964,37.42561120792424,39.94713059446103,10.239606799098913,156.25600000000003,180.15899999999996,44.71030000000002,COBYLA,"Ro por Louwersi, 1600/Vm_Mathieu",,1.6358511365725956,41.0,,,,,,0.0,0.0,0.0,0.0,0.0,4.27196794330886,0.41720038934354337,1.1699534683520727,0.0,0.0,1.4143557239920093,0.13812598000505963,0.12824189411369422,0,0,4.070603159310323,0.3536845320045757,0.9450846974795585,0,0,,1.0,6.038759514223866,0.5897452541591028,2.33780395221925,0.0,0.0,,,,
72,Acido acetilsalicilico,CC(=O)OC1=CC=CC=C1C(=O)O,2244,50-78-2,AAS,cof,20.0,10.850000000000001,12.967777465187844,41.44541591056844,43.426786116251265,10.239606799098913,156.25600000000003,180.15899999999996,44.71030000000002,SLSQP,"Ro por Louwersi, 1600/Vm_Mathieu",,31.423809221432162,6.0,,,,,,,,,,,0.0,0.0,0.0,0.0,0.0,6.4999999987735375,0.6347899998802238,2.7085654361035085,0,0,2.364005183519498,0.20540250038305038,0.3187498943981539,0,0,,1.0,4.720261598893593,0.46098074774794834,1.428383271117388,0.0,0.0,,,,
73,Acido acetilsalicilico,CC(=O)OC1=CC=CC=C1C(=O)O,2244,50-78-2,AAS,cof,16.750000000000895,10.850000000001565,12.96790364258702,35.21324324739421,37.525178545658854,10.239606799098913,156.25600000000003,180.15899999999996,44.71030000000002,BFGS,"Ro por Louwersi, 1600/Vm_Mathieu",,0.09143331451557243,328.0,,,,,,,,,,,,,,,,0.0,0.0,0.0,0,0,2.766382924438998,0.24036409634719344,0.43649351030443817,0,0,,1.0,2.4559507766366147,0.23984815284633182,0.38668020080914717,0.0,0.0,,,,
74,Ácido adipico,C(CCC(=O)O)CC(=O)O,196,26776-26-1,ADPC,cof,17.317108055602123,8.061583731012893,13.654930032590817,35.56006268118395,38.09166801394607,13.375689683999331,119.62,,33.4,Mathieu,"Ro por Louwersi, 1600/Vm_Mathieu",,,,2.6681085914949003,0.2270293600503011,0.3493708907152815,0.0,0.0,1.0563828577112555,0.08988761736265075,0.05476743541719933,0.0,0.0,2.7400229491484667,0.23314855274304308,0.368458105758371,0.0,0.0,0.6651638583986613,0.056598792711142105,0.02171385844039401,0,0,0.0,0.0,0.0,0,0,,,,,,,,1.0,,,
75,Ácido adipico,C(CCC(=O)O)CC(=O)O,196,26776-26-1,ADPC,cof,15.64684309420079,10.062501374231019,13.463448194837177,32.87170103850053,35.522009606152935,11.752262310494768,119.62,,33.4,nelder-mead,"Ro por Louwersi, 1600/Vm_Mathieu",,5.765379445202474e-07,478.0,0.0,0.0,0.0,0.0,0.0,2.1458376389353124,0.18258932469700578,0.22598178355422835,0.0,0.0,8.130007300575778,0.6917823212059931,3.243856139888558,0.0,0.0,1.552387137168104,0.132092621501634,0.11827141307520016,0,0,2.6681085914949003,0.19947446857163748,0.3493708907152815,0,0,,,,,,,,1.0,,,
76,Ácido adipico,C(CCC(=O)O)CC(=O)O,196,26776-26-1,ADPC,cof,16.87418000355082,9.10487417070335,12.753691530476898,34.95497871310006,37.20896645283011,11.752262310494768,119.62,,33.4,COBYLA,"Ro por Louwersi, 1600/Vm_Mathieu",,0.10613849196551112,52.0,,,,,,0.0,0.0,0.0,0.0,0.0,4.54631443069682,0.38684589490799254,1.0143752691829875,0.0,0.0,0.24958556217551464,0.021237235485514545,0.0030571632656728642,0,0,1.0563828577112555,0.07897782339963774,0.05476743541719933,0,0,,,,,,,,1.0,,,
77,Ácido adipico,C(CCC(=O)O)CC(=O)O,196,26776-26-1,ADPC,cof,20.0,12.16661324817391,15.760314473170878,41.80940657233299,44.681248754078936,11.752262310494768,119.62,,33.4,SLSQP,"Ro por Louwersi, 1600/Vm_Mathieu",,0.03183771850583524,50.0,,,,,,,,,,,0.0,0.0,0.0,0.0,0.0,6.224074613480525,0.529606508861058,1.9012065203216983,0,0,2.7400229491484667,0.20485096573571224,0.368458105758371,0,0,,,,,,,,1.0,,,
78,Ácido adipico,C(CCC(=O)O)CC(=O)O,196,26776-26-1,ADPC,cof,16.45,9.649999999999999,13.45,34.286039432982044,36.829811294656395,11.752262310494768,119.62,,33.4,BFGS,"Ro por Louwersi, 1600/Vm_Mathieu",,0.17371047695279068,180.0,,,,,,,,,,,,,,,,0.0,0.0,0.0,0,0,0.6651638583986613,0.04972931296352991,0.02171385844039401,0,0,,,,,,,,1.0,,,
79,Ácido Salicilico,C1=CC=C(C(=C1)C(=O)O)O,338,69-72-7,AS,cof,20.698097517493725,8.947399356003473,17.33578888712391,42.352106424716716,45.76276319180759,15.987210231814549,100.08,,34.81,Mathieu,"Ro por Louwersi, 1600/Vm_Mathieu",,,,5.011289351388274,0.37489455637735686,1.2332596232838955,0.0,0.0,4.318512550977376,0.32306792393861755,0.9158491065749228,0.0,0.0,4.555222543079135,0.34077619844775014,1.0190013325852139,0.0,0.0,3.9644503874338684,0.29658053348392777,0.7718297750419258,0,0,0.0,0.0,0.0,0,0,,,1.2990715699333806,0.09718354414671622,0.08287465062922214,0.0,0.0,,1.0,,
80,Ácido Salicilico,C1=CC=C(C(=C1)C(=O)O)O,338,69-72-7,AS,cof,19.0,9.0,13.7,39.05124837953327,41.38465899339996,13.367196898810317,119.69600000000003,138.12199999999999,35.06609999999999,Abbott,"(Vm, mM e Rm calculados pelo RDkit. Ro solventes por Louwersi)",,,,2.058251680203008,0.15397780819598705,0.20804271417130418,0.0,0.0,0.5853839005342205,0.04379256959896505,0.016828178191530048,0.0,0.0,0.20334738629561083,0.01521241796877465,0.0020306390942967734,0.0,0.0,1.9727943840428892,0.14758474787024858,0.19112574871044735,0,0,1.2990715699333806,0.08125692669933295,0.06929300089370195,0,0,,,0.0,0.0,0.0,0.0,0.0,,1.0,,
81,Ácido Salicilico,C1=CC=C(C(=C1)C(=O)O)O,338,69-72-7,AS,cof,19.346421460763327,9.894915766650763,11.721223341665873,39.938020123424366,41.622500261328156,13.367196898810317,119.69600000000003,138.12199999999999,35.06609999999999,nelder-mead,"Ro por Louwersi, 1600/Vm_Mathieu",,6.973743528375657e-10,424.0,0.0,0.0,0.0,0.0,0.0,1.8288538630866893,0.13681655749751526,0.16425309506413915,0.0,0.0,0.8703007801093596,0.0651072013599812,0.03719583387982761,0.0,0.0,3.1220248714260967,0.23355868063138635,0.47866125027693546,0,0,5.011289351388274,0.3134561489293365,1.0311507744473687,0,0,,,2.058251680203008,0.15397780819598705,0.20804271417130418,0.0,0.0,,1.0,,
82,Ácido Salicilico,C1=CC=C(C(=C1)C(=O)O)O,338,69-72-7,AS,cof,17.598998434127225,11.84994365024921,13.967800395296079,37.13919961512003,39.67895658827945,13.367196898810317,119.69600000000003,138.12199999999999,35.06609999999999,COBYLA,"Ro por Louwersi, 1600/Vm_Mathieu",,48.850575199497364,46.0,,,,,,0.0,0.0,0.0,0.0,0.0,4.58904139367669,0.34330618666095325,1.0341880233506815,0.0,0.0,1.414180459746361,0.10579484019362528,0.09821214992154176,0,0,4.318512550977376,0.27012296006363484,0.7657580753410161,0,0,,,0.5853839005342205,0.04379256959896505,0.016828178191530048,0.0,0.0,,1.0,,
83,Ácido Salicilico,C1=CC=C(C(=C1)C(=O)O)O,338,69-72-7,AS,cof,20.0,10.850000000000001,12.967777465187844,41.44541591056844,43.426786116251265,13.367196898810317,119.69600000000003,138.12199999999999,35.06609999999999,SLSQP,"Ro por Louwersi, 1600/Vm_Mathieu",,37.1461072132934,6.0,,,,,,,,,,,0.0,0.0,0.0,0.0,0.0,4.801889092887069,0.35922932303888166,1.132347704647095,0,0,4.555222543079135,0.2849291700695999,0.8520055253736813,0,0,,,0.20334738629561083,0.01521241796877465,0.0020306390942967734,0.0,0.0,,1.0,,
84,Ácido Salicilico,C1=CC=C(C(=C1)C(=O)O)O,338,69-72-7,AS,cof,17.5990554535518,10.850006694804964,12.967784159992782,36.83245385127195,39.04859898544681,13.367196898810317,119.69600000000003,138.12199999999999,35.06609999999999,BFGS,"Ro por Louwersi, 1600/Vm_Mathieu",,5.84316458120054,450.0,,,,,,,,,,,,,,,,0.0,0.0,0.0,0,0,3.9644503874338684,0.24797637173398845,0.6453408959881359,0,0,,,1.9727943840428892,0.14758474787024858,0.19112574871044735,0.0,0.0,,1.0,,
85,benzoic acid,C1=CC=C(C=C1)C(=O)O,243,65-85-0,BZC,cof,19.7438444052927,6.187426844844898,10.491938062441868,39.96951111237087,41.32363225647105,15.758888998325618,101.53,,33.28,Mathieu,"Ro por Louwersi, 1600/Vm_Mathieu",,,,4.605173729831996,0.3204740398590087,0.9688014334257451,0.0,0.0,4.277637907253854,0.2976808219657957,0.8358931667705125,0.0,0.0,3.9522681893838287,0.27503834329922067,0.7135683014591939,0.0,0.0,2.9989630453101324,0.20869783832313213,0.4108515823793107,0,0,0.0,0.0,0.0,0,0,,,0.5832665805790369,0.04058952134249518,0.015540927067169754,0.0,0.0,,,1.0,
86,benzoic acid,C1=CC=C(C=C1)C(=O)O,243,65-85-0,BZC,cof,20.0,6.9,10.8,40.590762495917716,42.00297608503474,14.369880729989939,111.34400000000002,122.12299999999996,33.4013,Abbott,"(Vm, mM e Rm calculados pelo RDkit. Ro solventes por Louwersi)",,,,6.177373660629755,0.4298834330432247,1.7432130945807325,0.0,0.0,2.737344402814819,0.1904917969918833,0.342295839145994,0.0,0.0,3.231485726411304,0.22487909170096268,0.4770316774963189,0.0,0.0,4.450528950427808,0.3097123096602712,0.9048279271694404,0,0,0.5832665805790369,0.03701190995386851,0.01417113023719055,0,0,,,0.0,0.0,0.0,0.0,0.0,,,1.0,
87,Água,O,962,7732-18-5,H2O,solv,0.0,0.0,0.0,0.0,0.0,,,,,Mathieu,,,,,26.727565140674734,1.859971258139555,32.633340236101795,0.0,0.0,32.54212661349712,2.2646065910332647,48.37651695592483,0.0,0.0,37.03278952496017,2.577111823041979,62.64920860805202,0.0,0.0,31.010897949854545,2.158048388330378,43.931033382944904,0,0,37.562115919303686,2.3835510183043143,58.77199051541305,0,0,,,37.89129187557479,2.63685500162125,65.58757299165336,0.0,0.0,,,0.0,
88,Água,O,962,7732-18-5,H2O,solv,15.5,16.0,42.3,34.88552708502482,54.82964526604198,79.68127490039838,20.080000000000005,18.015,3.6138,Abbott,"(Vm, mM e Rm calculados pelo RDkit. Ro solventes por Louwersi)",,,,30.045067776778403,2.090836266586009,41.23719454894266,0.0,0.0,29.945985257429875,2.083941114064545,40.965659270790105,0.0,0.0,30.29707081550954,2.108373158051309,41.931849621243956,0.0,0.0,31.41113725120364,2.185901041311262,45.072334892268174,0,0,32.18693111813346,2.042461947765056,43.15483334574899,0,0,,,31.528717068729577,2.1940834208128916,45.41040070212985,0.0,0.0,,,0.0,
89,Água_soluto completa misc.,O,962,7732-18-5,H2O_cs,solv,0.0,0.0,0.0,0.0,0.0,,,,,Mathieu,,,,,26.727565140674734,1.859971258139555,32.633340236101795,0.0,0.0,32.54212661349712,2.2646065910332647,48.37651695592483,0.0,0.0,37.03278952496017,2.577111823041979,62.64920860805202,0.0,0.0,31.010897949854545,2.158048388330378,43.931033382944904,0,0,37.562115919303686,2.3835510183043143,58.77199051541305,0,0,,,37.89129187557479,2.63685500162125,65.58757299165336,0.0,0.0,,,0.0,
90,Água_soluto completa misc.,O,962,7732-18-5,H2O_cs,solv,18.1,17.1,16.9,40.03560914985559,43.45641494647252,79.93605115907272,20.016000000000005,18.015,3.6138,Abbott,"(Vm, mM e Rm calculados pelo RDkit. Ro solventes por Louwersi)",,,,5.171778213673094,0.3599040458895107,1.221863017992451,1.0,0.0,7.58506293944862,0.5278445299562295,2.62821635331535,1.0,0.0,8.15368015070496,0.5674146016875582,3.0370369642469774,1.0,0.0,8.833543332178008,0.6147262804862677,3.5646149411986747,1,0,12.220417871208197,0.7754618915398551,6.220745239792531,1,0,,,11.260994627474076,0.7836526161259211,5.79290275540419,1.0,0.0,,,0.0,
91,benzoic acid,C1=CC=C(C=C1)C(=O)O,243,65-85-0,BZC,cof,15.920036365461362,11.94718109563502,12.517681775374339,34.00772511713107,36.23834605320567,14.369880729989939,111.34400000000002,122.12299999999996,33.4013,nelder-mead,"Ro por Louwersi, 1600/Vm_Mathieu",,1.3451976418376312e-13,261.0,0.0,0.0,0.0,0.0,0.0,4.574588172995606,0.31834559095876425,0.9559754538455315,0.0,0.0,7.8463569860759765,0.5460279826610273,2.81241148179907,0.0,0.0,1.4340039151246657,0.0997923324535255,0.0939384542594315,0,0,4.605173729831996,0.29222705549365163,0.8834100583391641,0,0,,,6.177373660629755,0.4298834330432247,1.7432130945807325,0.0,0.0,,,1.0,
92,benzoic acid,C1=CC=C(C=C1)C(=O)O,243,65-85-0,BZC,cof,18.250075352833477,11.099944105809126,12.249989300217187,38.15061940111178,40.06909031340644,14.369880729989939,111.34400000000002,122.12299999999996,33.4013,COBYLA,"Ro por Louwersi, 1600/Vm_Mathieu",,1.623235397760658,39.0,,,,,,0.0,0.0,0.0,0.0,0.0,3.2014181650875053,0.22278669010843952,0.4681958342213957,0.0,0.0,1.414530329634282,0.09843716563924969,0.09140443388800885,0,0,4.277637907253854,0.27144286045217736,0.7622164932300809,0,0,,,2.737344402814819,0.1904917969918833,0.342295839145994,0.0,0.0,,,1.0,
93,benzoic acid,C1=CC=C(C=C1)C(=O)O,243,65-85-0,BZC,cof,20.0,10.1,11.25,41.25542388583591,42.76181123385678,14.369880729989939,111.34400000000002,122.12299999999996,33.4013,SLSQP,"Ro por Louwersi, 1600/Vm_Mathieu",,23.982896346255213,6.0,,,,,,,,,,,0.0,0.0,0.0,0.0,0.0,5.49999999970943,0.3827449999797793,1.3818729463958757,0,0,3.9522681893838287,0.2507961182925876,0.6506734951784735,0,0,,,3.231485726411304,0.22487909170096268,0.4770316774963189,0.0,0.0,,,1.0,
94,benzoic acid,C1=CC=C(C=C1)C(=O)O,243,65-85-0,BZC,cof,17.249999999999773,10.100040007973659,11.250040007973624,35.94802926674336,37.66728299656938,14.369880729989939,111.34400000000002,122.12299999999996,33.4013,BFGS,"Ro por Louwersi, 1600/Vm_Mathieu",,8.682036640873248,498.0,,,,,,,,,,,,,,,,0.0,0.0,0.0,0,0,2.9989630453101324,0.1903029487439611,0.3746386079085663,0,0,,,4.450528950427808,0.3097123096602712,0.9048279271694404,0.0,0.0,,,1.0,
95,"1,2-Dichloroethane",C(CCl)Cl,11,107-06-2,DCE,solv,16.782355965306802,6.295014607469522,3.340587603792259,34.149920876823856,34.31292207655799,19.365770999757927,82.62,,20.939999999999998,Mathieu,"Ro por Louwersi, 1600/Vm_Mathieu",,,,12.345135080050207,1.8166483527047887,12.491644550000359,0.0,1.0,10.453957944668906,1.5383521813477532,8.957553742830962,0.0,1.0,6.664815578460484,0.9807609364483527,3.6408618345524433,0.0,0.0,9.194117639624602,1.3529603812589588,6.928640655019183,0,1,4.999717331836657,0.6242772053464547,2.0488908737990696,0,0,,,,,,,,,,,1.0
96,"1,2-Dichloroethane",C(CCl)Cl,11,107-06-2,DCE,solv,18.0,7.4,4.1,36.75268697660077,36.980670626693616,20.927069163963584,76.45600000000002,98.96000000000001,21.439999999999994,Abbott,"(Vm, mM e Rm calculados pelo RDkit. Ro solventes por Louwersi)",,,,10.110793780651765,1.4878538587918109,8.379120392363319,0.0,1.0,9.794833052986329,1.4413586579122035,7.863610636305828,0.0,1.0,7.115799849176051,1.047125526805502,4.150260653034012,0.0,1.0,8.061667945617804,1.1863147465373882,5.326939164567999,0,1,7.894844813587079,0.9857700605365167,5.108755526192267,0,0,,,,,,,,,,,1.0
97,1-Methyl-2-pyrrolidinone,CN1CCCC1=O,13387,872-50-4,MPY,solv,17.303402024242644,13.22339680499613,7.365346801010412,37.047120124412366,37.77217816080764,15.918814048353397,100.51,,27.419999999999998,Mathieu,"Ro por Louwersi, 1600/Vm_Mathieu",,,,5.974837411077884,0.8792271992271662,2.92603898741197,0.0,0.0,6.392501926682699,0.9406886210209927,3.3494203945648473,0.0,0.0,0.9827432986943491,0.14461559011936698,0.07916042320121683,0.0,0.0,5.418571709145511,0.7973699198593078,2.406564885527289,0,0,11.710595952143066,1.4622142870744639,11.24050748046211,0,1,,,,,,,,,,,1.0
98,1-Methyl-2-pyrrolidinone,CN1CCCC1=O,13387,872-50-4,MPY,solv,18.0,12.3,7.2,38.043264844121886,38.718600181308204,15.832805573147558,101.05600000000003,99.133,26.870999999999988,Abbott,"(Vm, mM e Rm calculados pelo RDkit. Ro solventes por Louwersi)",,,,4.822221574205184,0.709614015752164,1.905997157592784,0.0,0.0,6.5074105980301775,0.957598006553131,3.470917937051313,0.0,0.0,3.0205030500562438,0.44448212633102663,0.7478017590975276,0.0,0.0,4.943246717416843,0.7274234707014756,2.002868786977207,0,0,11.458125462331505,1.4306901905403677,10.761060469569061,0,1,,,,,,,,,,,1.0
99,2-Methylfuran (amorfiza_Nev),CC1=CC=CO1,10797,534-22-5,MTF,solv,17.3,2.8,7.4,34.713109915419565,35.49309792058168,19.575217774297734,81.73600000000002,82.102,23.444999999999993,Abbott,"(Vm, mM e Rm calculados pelo RDkit. Ro solventes por Louwersi)",,,,11.08653679362888,1.6314393218664582,10.074412530704832,0.0,1.0,9.476325858091995,1.3944887316475278,7.3605098395654025,0.0,1.0,6.618918811998922,0.9740069977797016,3.5908894356577292,0.0,0.0,8.519815422773938,1.2537334385382992,5.94960724648536,0,1,5.491792487465343,0.6857189394661415,2.4720438065153068,0,0,,,,,,,,,,,2.0
100,2-Methylfuran (amorfiza_Nev),CC1=CC=CO1,10797,534-22-5,MTF,solv,17.37286920606251,0.0,4.951639323342586,34.74573841212502,35.096795719727645,18.443804034582133,86.75,,23.310000000000002,Mathieu,"Ro por Louwersi, 1600/Vm_Mathieu",,,,14.956539473005813,2.200929566150171,18.335390684749584,0.0,1.0,13.278649107903197,1.9540196094734954,14.452258288695216,0.0,1.0,11.055314170948137,1.6268447568258735,10.01774800875793,0.0,1.0,12.20057578428288,1.7953757295361474,12.200807612280473,0,1,4.106100369614154,0.5126979574009474,1.3819331897255465,0,0,,,,,,,,,,,2.0
101,Cyclopentane,C1CCCC1,9253,287-92-3,CLP,solv,16.4,0.0,1.8,32.8,32.84935311387425,18.843037497644616,84.91200000000002,70.135,23.084999999999994,Abbott,"(Vm, mM e Rm calculados pelo RDkit. Ro solventes por Louwersi)",,,,17.554594667951164,2.5832463783623543,25.258615244698767,0.0,0.0,15.117485000221366,2.2246135052075755,18.732123739156286,0.0,0.0,12.283252656966186,1.8075420447358594,12.366724767842582,0.0,0.0,14.07374262323729,2.071021595722484,16.234807154889413,0,0,1.9744683381558013,0.24653705287297878,0.3195422383943317,1,0,,,,,,,,,,,0.0
102,Cyclopentane,C1CCCC1,9253,287-92-3,CLP,solv,16.42077993147117,0.0,1.6295823682748942,32.84155986294234,32.881964553934694,17.3422935183178,92.25999999999999,,23.0,Mathieu,"Ro por Louwersi, 1600/Vm_Mathieu",,,,17.673824815886995,2.6007916907818514,25.602891576590466,0.0,0.0,15.25977458990168,2.245552129776982,19.086406193537716,0.0,0.0,12.447077608452739,1.8316497054718632,12.698801073972351,0.0,0.0,14.200978361502845,2.0897449707869518,16.52968039865511,0,0,0.5783566724607974,0.07221506001513632,0.027416968050874634,1,0,,,,,,,,,,,0.0
103,Cyclopentanone,C1CCC(=O)C1,8452,120-92-3,CPN,solv,17.9,11.9,5.2,37.72598573927526,38.08267322549718,18.336847895846702,87.25600000000001,84.118,23.47499999999999,Abbott,"(Vm, mM e Rm calculados pelo RDkit. Ro solventes por Louwersi)",,,,7.704916109172838,1.1338169300453291,4.8659064400699386,0.0,1.0,8.347393339247045,1.2283606668368992,5.711230419782666,0.0,1.0,5.330564416111389,0.7844192066528716,2.3290258935212282,0.0,0.0,6.758232653543898,0.9945077261322525,3.7436410601691694,0,0,11.619995953251063,1.4509017447128112,11.067254037150263,0,1,,,,,,,,,,,1.0
104,Cyclopentanone,C1CCC(=O)C1,8452,120-92-3,CPN,solv,16.836574166921523,10.020403120277557,4.901322589517854,35.1324550438176,35.47269880531199,17.66394347538088,90.58,,23.389999999999997,Mathieu,"Ro por Louwersi, 1600/Vm_Mathieu",,,,9.412184459267706,1.3850500041035396,7.261206452925974,0.0,1.0,8.015618110266777,1.179538283016308,5.266255926607635,0.0,1.0,2.591986162591756,0.38142372375618994,0.5506723653623149,0.0,0.0,6.808186267109192,1.0018586501364533,3.7991879898631784,0,1,8.294403264102403,1.0356599275639864,5.638949666437131,0,1,,,,,,,,,,,1.0
105,Diisopropyl Ether,CC(C)OC(C)C,7914,108-20-3,DIE,solv,15.1,3.2,3.2,30.36906320583498,30.537190440510404,13.258203513423927,120.68000000000004,102.17699999999999,31.356999999999978,Abbott,"(Vm, mM e Rm calculados pelo RDkit. Ro solventes por Louwersi)",,,,14.57117293340807,2.144220953015665,17.402712689034022,0.0,0.0,10.711058466130474,1.5761858085834304,9.403568771054092,0.0,0.0,5.015686752417447,0.7380833840519896,2.0620003566647447,1.0,0.0,10.03330533729834,1.4764510469101377,8.251178517245997,0,0,8.126346789678317,1.014675976026209,5.412758227054026,0,0,,,,,,,,,,,0.0
106,Diisopropyl Ether,CC(C)OC(C)C,7914,108-20-3,DIE,solv,15.39763705698708,3.4653124161586986,4.171576750847197,30.989632103275937,31.269143744026625,11.985916548056034,133.49,,31.470000000000002,Mathieu,"Ro por Louwersi, 1600/Vm_Mathieu",,,,13.641821140288885,2.0074621898992113,15.253609621437576,0.0,0.0,9.968207433780673,1.4668715649179953,8.14445557953421,0.0,0.0,4.139350540528408,0.609126128791458,1.404404904696099,1.0,0.0,9.294983056715179,1.3678032317109223,7.081497890796694,0,0,7.989493186945475,0.9975880930549795,5.231983753074183,1,0,,,,,,,,,,,0.0
107,Heptanol,CCCCCCCO,8129,111-70-6,7OH,solv,16.0,5.3,11.7,32.43593686021725,34.4815892905185,11.660447761194026,137.21600000000004,116.204,35.84479999999999,Abbott,"(Vm, mM e Rm calculados pelo RDkit. Ro solventes por Louwersi)",,,,7.329157955493998,1.0785222389407194,4.402872288654873,0.0,1.0,2.6424491657512723,0.3888496069861286,0.572323011226361,0.0,0.0,6.462105735778425,0.9509311695484743,3.4227568234902317,0.0,0.0,3.9252785592969732,0.5776243663933462,1.262899785261857,0,0,7.507329861927213,0.9373839748848868,4.61954202581313,0,0,,,,,,,,,,,1.0
108,Heptanol,CCCCCCCO,8129,111-70-6,7OH,solv,16.096623410816626,5.413043236399517,11.706411171186458,32.645155505797945,34.680632066134685,11.36525074584458,140.78,,35.849999999999994,Mathieu,"Ro por Louwersi, 1600/Vm_Mathieu",,,,7.1723699767275075,1.0554501039253366,4.216511538429747,0.0,1.0,2.75608211213819,0.40557126321169545,0.6226044637202465,0.0,0.0,6.305408329783427,0.9278723627692804,3.2587748618730608,0.0,0.0,3.919850649364164,0.5768256223071837,1.259409502127786,0,0,7.1805512244976395,0.8965815772688367,4.226136251056764,0,0,,,,,,,,,,,1.0
109,Isooctane,CC(C)CC(C)(C)C,10907,540-84-1,ISO,solv,15.59650865506705,0.0,1.6574528848230754,31.1930173101341,31.23702096832753,9.96698436429328,160.52999999999997,,39.38,Mathieu,"Ro por Louwersi, 1600/Vm_Mathieu",,,,17.81069544685144,2.6209328884814242,26.0009777857564,0.0,1.0,14.725008233842104,2.1668585866510353,17.772111031077063,0.0,1.0,11.301374268278394,1.6630537304485076,10.468644225377966,0.0,1.0,13.858020328112977,2.0392769813834657,15.74092730771889,0,1,5.612971530219227,0.7008496576919984,2.5823410799369864,0,0,,,,,,,,,,,2.0
110,Isooctane,CC(C)CC(C)(C)C,10907,540-84-1,ISO,solv,14.1,0.0,0.0,28.2,28.2,11.180054782268432,143.11200000000002,114.23199999999999,38.91,Abbott,"(Vm, mM e Rm calculados pelo RDkit. Ro solventes por Louwersi)",,,,18.954391603157564,2.789233496362652,29.447445269036795,0.0,1.0,14.726576437401643,2.1670893556458393,17.775896668602066,0.0,1.0,10.095489397809233,1.485601742334618,8.35377318128598,0.0,1.0,14.073520456307104,2.0709889027478723,16.234294596304863,0,1,8.391192238259743,1.0477452408497072,5.771321481287718,0,1,,,,,,,,,,,2.0
111,N-Methylformamide,CNC=O,31254,123-39-7,NMF,solv,16.76254025319828,13.47255654844693,7.574003279136578,36.13088433613923,36.916206855307365,24.449877750611247,65.44,,15.92,Mathieu,"Ro por Louwersi, 1600/Vm_Mathieu",,,,6.431321768022037,0.946401154773283,3.3902240639364707,1.0,0.0,5.847010254451581,0.8604167939938225,2.8021774653087497,1.0,0.0,3.775360991136735,0.5555632466507263,1.1682744895817299,1.0,0.0,5.259578894705941,0.7739733322504528,2.2674090368900606,1,0,11.268593525923439,1.4070247591306158,10.408001648282992,0,0,,,,,,,,,,,0.0
112,N-Methylformamide,CNC=O,31254,123-39-7,NMF,solv,17.4,18.8,15.9,39.55350806186475,42.62968449331991,26.116479498563585,61.26400000000002,59.068000000000005,15.123700000000001,Abbott,"(Vm, mM e Rm calculados pelo RDkit. Ro solventes por Louwersi)",,,,4.988023723921891,0.734012631093726,2.0393179692779713,1.0,0.0,8.562968132622428,1.2600835755560538,6.010029182501734,0.0,0.0,7.9288235920289925,1.1667660356850267,5.15282550689323,0.0,0.0,9.6193590719981,1.4155367842398807,7.584381985800747,0,0,18.560620116667792,2.3175254293174326,28.236631706878743,0,0,,,,,,,,,,,0.0
113,Nevirapine anhydrous,CC1=C2C(=NC=C1)N(C3=C(C=CC=N3)C(=O)N2)C4CC4,4463,129618-40-2,NEV,IFA,20.664235414015174,0.0,10.096763793563426,41.32847082803035,42.54394363580284,8.008809690659724,199.78000000000003,,74.57000000000001,Mathieu,"Ro por Louwersi, 1600/Vm_Mathieu",,,,6.990005826959713,1.0286143074662568,4.0048199967442875,0.0,1.0,9.871046815624007,1.4525738941531512,7.986460508833732,0.0,1.0,10.250288169578939,1.5083811555943891,8.611921753840905,0.0,1.0,7.861865917383458,1.156912879072563,5.066163372284029,0,1,0.0,0.0,0.0,0,0,,,,,,,,,,,1.0
114,Octane,CCCCCCCC,356,111-65-9,OCT,solv,15.651637609406784,0.0,1.6676122932202895,31.303275218813567,31.347662914247483,10.089544709294994,158.57999999999998,,39.08,Mathieu,"Ro por Louwersi, 1600/Vm_Mathieu",,,,17.797565531700013,2.619000755817316,25.962656452616557,0.0,0.0,14.757515843345972,2.171642243927577,17.850666716308368,0.0,0.0,11.378310298589735,1.6743752519889727,10.611663545563552,0.0,0.0,13.878551713292493,2.0422982773695573,15.787603880607028,0,0,5.427149526899223,0.6776474578024544,2.4141902951444365,1,0,,,,,,,,,,,0.0
115,Octane,CCCCCCCC,356,111-65-9,OCT,solv,15.5,0.0,0.0,31.0,31.0,11.016248967226657,145.24000000000004,114.232,39.05,Abbott,"(Vm, mM e Rm calculados pelo RDkit. Ro solventes por Louwersi)",,,,19.061100694747868,2.804936272735623,29.779943980756574,0.0,0.0,16.01640815763585,2.3568945424369043,21.026073617146675,0.0,0.0,12.676936930746876,1.865474654044057,13.172147479114338,0.0,0.0,15.065991369200976,2.21703595993477,18.604729232895846,0,0,2.1754701888236934,0.2716346464519985,0.38791287833436106,1,0,,,,,,,,,,,0.0
116,Tetrahydropyran,C1CCOCC1,8894,142-68-7,THP,solv,16.4,6.3,6.0,33.399550895184206,33.93420103671221,17.17917883525167,93.13600000000002,86.134,24.66999999999999,Abbott,"(Vm, mM e Rm calculados pelo RDkit. Ro solventes por Louwersi)",,,,10.180838248193869,1.498161252412969,8.495618465335713,0.0,1.0,7.561008100142445,1.1126401469764617,4.685838667714515,0.0,1.0,2.06409956847959,0.3037425719996142,0.3492120420805402,0.0,0.0,6.646380271271236,0.978048088818919,3.6207479766696893,0,0,4.032535317181054,0.5035124410415195,1.3328592322238502,0,0,,,,,,,,,,,2.0
117,Tetrahydropyran,C1CCOCC1,8894,142-68-7,THP,solv,16.637497399572226,4.086521285175079,4.814509099000736,33.524989710621526,33.868930201021115,16.668402958641526,95.99,,24.55,Mathieu,"Ro por Louwersi, 1600/Vm_Mathieu",,,,12.41255035980984,1.8265688481978175,12.628447766000404,0.0,1.0,10.132911328806173,1.4911085665904729,8.4158194497034,0.0,1.0,6.303524500810335,0.927595147916745,3.2568279435679233,0.0,0.0,9.09308500371526,1.3380929237217194,6.777201950305779,0,1,4.500733859652354,0.5619728815508421,1.660330671060451,0,0,,,,,,,,,,,2.0
118,Nevirapine anhydrous,CC1=C2C(=NC=C1)N(C3=C(C=CC=N3)C(=O)N2)C4CC4,4463,129618-40-2,NEV,IFA,15.162196307988179,12.216558874685326,14.647105321325853,32.69270711131971,35.82388578254104,6.795555706567903,199.78000000000003,,74.57000000000001,nelder-mead,"Ro por Louwersi, 1600/Vm_Mathieu",,6.696508631534413e-15,380.0,0.0,0.0,0.0,0.0,0.0,5.967782242252324,0.8781889958586409,2.91913285442546,0.0,0.0,9.132586524233599,1.3439057699735955,6.836211904462927,0.0,1.0,2.6653045918865947,0.39221289721907193,0.5822662533466683,0,0,6.990005826959713,0.8727896025687574,4.0048199967442875,0,0,,,,,,,,,,,1.0
119,Nevirapine anhydrous,CC1=C2C(=NC=C1)N(C3=C(C=CC=N3)C(=O)N2)C4CC4,4463,129618-40-2,NEV,IFA,18.340471134406332,10.380686237300342,13.455102696608817,38.12151849658201,40.42635230962019,6.795555706567903,199.78000000000003,,74.57000000000001,COBYLA,"Ro por Louwersi, 1600/Vm_Mathieu",,7.332699336551081e-09,81.0,,,,,,0.0,0.0,0.0,0.0,0.0,2.9968193378200096,0.4409969496569036,0.736120733355443,0.0,0.0,0.9175358766662298,0.13501999193081907,0.06900396314089136,0,0,9.871046815624007,1.2325235830158527,7.986460508833732,0,1,,,,,,,,,,,1.0
120,Nevirapine anhydrous,CC1=C2C(=NC=C1)N(C3=C(C=CC=N3)C(=O)N2)C4CC4,4463,129618-40-2,NEV,IFA,20.048734264719233,10.177914361631592,11.827033560346006,41.369033385154346,43.02645286401803,6.795555706567903,199.78000000000003,,74.57000000000001,SLSQP,"Ro por Louwersi, 1600/Vm_Mathieu",,0.0002147953814515131,81.0,,,,,,,,,,,0.0,0.0,0.0,0.0,0.0,5.3325019129374445,0.7847043189983098,2.330719260301306,0,0,10.250288169578939,1.2798766065740506,8.611921753840905,0,1,,,,,,,,,,,1.0
121,Nevirapine anhydrous,CC1=C2C(=NC=C1)N(C3=C(C=CC=N3)C(=O)N2)C4CC4,4463,129618-40-2,NEV,IFA,17.382153384173552,10.100000000000394,11.795935799378283,36.20175444759207,38.075072245063524,6.795555706567903,199.78000000000003,,74.57000000000001,BFGS,"Ro por Louwersi, 1600/Vm_Mathieu",,6.2249008510583505e-06,486.0,,,,,,,,,,,,,,,,0.0,0.0,0.0,0,0,7.861865917383458,0.9816522331092922,5.066163372284029,0,0,,,,,,,,,,,1.0
